voter_id,name,district,phone,password,has_voted
TN100000,Ravi,Kanchipuram,9266158761,1234,False
TN100001,Ravi,Ramanathapuram,9233223640,1234,False
TN100002,Anitha,Sivaganga,9790505718,1234,False
TN100003,Divya,Salem,9649637349,1234,False
TN100004,Ramesh,Trichy,9435162014,1234,False
TN100005,Nisha,Ranipet,9326560328,1234,False
TN100006,Ravi,Chennai,9638766997,1234,False
TN100007,Ravi,Dharmapuri,9741119431,1234,False
TN100008,Anitha,Dharmapuri,9281595839,1234,False
TN100009,Saravanan,Salem,9366942512,1234,False
TN100010,Meena,Tiruppur,9967851999,1234,False
TN100011,Ravi,Tirupattur,9470693552,1234,False
TN100012,Ravi,Tiruvannamalai,9283383801,1234,False
TN100013,Anand,Dindigul,9479955507,1234,False
TN100014,Rahul,Krishnagiri,9659130505,1234,False
TN100015,Nisha,Villupuram,9653586061,1234,False
TN100016,Saravanan,Tiruppur,9378281354,1234,False
TN100017,Ajith,Theni,9255579172,1234,False
TN100018,Meena,Tirupattur,9821165270,1234,False
TN100019,Arjun,Tenkasi,9910515925,1234,False
TN100020,Priya,Sivaganga,9544171046,1234,False
TN100021,Anand,Salem,9739931774,1234,False
TN100022,Karthik,Tiruppur,9753572755,1234,False
TN100023,Anand,Thanjavur,9228984717,1234,False
TN100024,Surya,Karur,9216492855,1234,False
TN100025,Rahul,Tiruvarur,9427774343,1234,False
TN100026,Rahul,Thoothukudi,9352315414,1234,False
TN100027,Ajith,Kanchipuram,9645081020,1234,False
TN100028,Priya,Tenkasi,9696708062,1234,False
TN100029,Lakshmi,Villupuram,9802655538,1234,False
TN100030,Kumar,Tirupattur,9850914916,1234,False
TN100031,Kumar,Vellore,9657800938,1234,False
TN100032,Surya,Kanniyakumari,9991984840,1234,False
TN100033,Ramesh,Chennai,9746741235,1234,False
TN100034,Vijay,Dharmapuri,9129025065,1234,False
TN100035,Karthik,Tirunelveli,9317820233,1234,False
TN100036,Ravi,Erode,9601313574,1234,False
TN100037,Ramesh,Namakkal,9732923559,1234,False
TN100038,Ajith,Kanchipuram,9604321848,1234,False
TN100039,Vijay,Ranipet,9716732147,1234,False
TN100040,Lakshmi,Villupuram,9623249991,1234,False
TN100041,Priya,Perambalur,9279100424,1234,False
TN100042,Ravi,Tiruppur,9859540985,1234,False
TN100043,Harish,Kallakurichi,9693037126,1234,False
TN100044,Vijay,Tirupattur,9399793547,1234,False
TN100045,Ramesh,Tiruvallur,9973200985,1234,False
TN100046,Meena,Vellore,9561641600,1234,False
TN100047,Kumar,Kanchipuram,9930616858,1234,False
TN100048,Anand,Nagapattinam,9794958542,1234,False
TN100049,Meena,Karur,9330087175,1234,False
TN100050,Kumar,Krishnagiri,9993353688,1234,False
TN100051,Ajith,Thoothukudi,9517757699,1234,False
TN100052,Anand,Chennai,9551280468,1234,False
TN100053,Vijay,Krishnagiri,9940349503,1234,False
TN100054,Harish,Tiruvannamalai,9994284438,1234,False
TN100055,Meena,Karur,9873072236,1234,False
TN100056,Anand,Ranipet,9787267031,1234,False
TN100057,Priya,Tirunelveli,9594702613,1234,False
TN100058,Karthik,Chennai,9149488217,1234,False
TN100059,Arjun,Tiruvannamalai,9162819222,1234,False
TN100060,Suresh,Tiruvarur,9567014141,1234,False
TN100061,Kumar,Tirunelveli,9558025904,1234,False
TN100062,Priya,Tiruvarur,9263583247,1234,False
TN100063,Priya,Karur,9353936294,1234,False
TN100064,Harish,Tiruvannamalai,9805428650,1234,False
TN100065,Anitha,Dharmapuri,9548968095,1234,False
TN100066,Surya,Tirunelveli,9715201423,1234,False
TN100067,Priya,Thoothukudi,9280898066,1234,False
TN100068,Suresh,Virudhunagar,9532801069,1234,False
TN100069,Divya,Tirupattur,9639152572,1234,False
TN100070,Ajith,Dindigul,9894368988,1234,False
TN100071,Vijay,Tenkasi,9960325544,1234,False
TN100072,Anand,Karur,9756294144,1234,False
TN100073,Lakshmi,Tiruvarur,9634060346,1234,False
TN100074,Harish,Villupuram,9433861357,1234,False
TN100075,Arjun,Erode,9868463189,1234,False
TN100076,Ramesh,Chennai,9632041927,1234,False
TN100077,Vijay,Tiruvannamalai,9929404562,1234,False
TN100078,Harish,Coimbatore,9347467187,1234,False
TN100079,Harish,Tiruppur,9134992165,1234,False
TN100080,Ajith,Tiruvarur,9357906680,1234,False
TN100081,Arjun,Chennai,9724590839,1234,False
TN100082,Ajith,Thoothukudi,9284823541,1234,False
TN100083,Vijay,Tiruvallur,9896083928,1234,False
TN100084,Rahul,Namakkal,9486317023,1234,False
TN100085,Arjun,Trichy,9307023429,1234,False
TN100086,Saravanan,Kanchipuram,9878190335,1234,False
TN100087,Rahul,Dindigul,9765812399,1234,False
TN100088,Saravanan,Kanchipuram,9163072414,1234,False
TN100089,Surya,Sivaganga,9463937384,1234,False
TN100090,Surya,Salem,9234179035,1234,False
TN100091,Nisha,Karur,9212319554,1234,False
TN100092,Priya,Tiruvannamalai,9474942002,1234,False
TN100093,Ajith,Trichy,9845694463,1234,False
TN100094,Vijay,Krishnagiri,9718302690,1234,False
TN100095,Anitha,Coimbatore,9918902490,1234,False
TN100096,Anand,Cuddalore,9302686424,1234,False
TN100097,Ajith,Krishnagiri,9505259790,1234,False
TN100098,Lakshmi,Chengalpattu,9745893810,1234,False
TN100099,Vijay,Sivaganga,9179661958,1234,False
TN100100,Vijay,Tiruvarur,9911752380,1234,False
TN100101,Deepa,Vellore,9399450707,1234,False
TN100102,Anand,Cuddalore,9653372377,1234,False
TN100103,Surya,Tiruvallur,9594364168,1234,False
TN100104,Ravi,Mayiladuthurai,9584478517,1234,False
TN100105,Ramesh,Virudhunagar,9587461329,1234,False
TN100106,Kumar,Villupuram,9334807500,1234,False
TN100107,Ramesh,Tenkasi,9590492010,1234,False
TN100108,Karthik,Tenkasi,9465302510,1234,False
TN100109,Lakshmi,Pudukkottai,9847184045,1234,False
TN100110,Arjun,Kallakurichi,9732202434,1234,False
TN100111,Saravanan,Dindigul,9147634952,1234,False
TN100112,Harish,Madurai,9445932947,1234,False
TN100113,Vijay,Thanjavur,9287753809,1234,False
TN100114,Deepa,Chengalpattu,9951569163,1234,False
TN100115,Anand,Tenkasi,9870368642,1234,False
TN100116,Priya,Tiruvannamalai,9862911763,1234,False
TN100117,Rahul,Tenkasi,9378883988,1234,False
TN100118,Saravanan,Tenkasi,9468382986,1234,False
TN100119,Meena,Pudukkottai,9887535279,1234,False
TN100120,Anand,Nilgiris,9933114168,1234,False
TN100121,Kumar,Chennai,9211714844,1234,False
TN100122,Anand,Nilgiris,9134614752,1234,False
TN100123,Ajith,Chennai,9410713734,1234,False
TN100124,Ravi,Dharmapuri,9800070722,1234,False
TN100125,Deepa,Erode,9295435928,1234,False
TN100126,Karthik,Tenkasi,9318898901,1234,False
TN100127,Arjun,Coimbatore,9348017445,1234,False
TN100128,Divya,Mayiladuthurai,9314902456,1234,False
TN100129,Karthik,Ranipet,9170880914,1234,False
TN100130,Suresh,Ramanathapuram,9792189846,1234,False
TN100131,Ramesh,Trichy,9300035355,1234,False
TN100132,Anitha,Sivaganga,9963221235,1234,False
TN100133,Priya,Thoothukudi,9355738007,1234,False
TN100134,Karthik,Ariyalur,9995669574,1234,False
TN100135,Anand,Namakkal,9323552503,1234,False
TN100136,Anitha,Dindigul,9693939750,1234,False
TN100137,Anand,Salem,9780774546,1234,False
TN100138,Karthik,Mayiladuthurai,9881307933,1234,False
TN100139,Saravanan,Tiruppur,9795841984,1234,False
TN100140,Kumar,Kanchipuram,9367199985,1234,False
TN100141,Deepa,Trichy,9345921886,1234,False
TN100142,Priya,Madurai,9406937235,1234,False
TN100143,Ramesh,Erode,9766337542,1234,False
TN100144,Karthik,Ariyalur,9268710925,1234,False
TN100145,Anitha,Thoothukudi,9205367371,1234,False
TN100146,Arjun,Theni,9774508144,1234,False
TN100147,Karthik,Perambalur,9553350149,1234,False
TN100148,Anand,Tenkasi,9361549619,1234,False
TN100149,Saravanan,Dindigul,9769858706,1234,False
TN100150,Arjun,Cuddalore,9360793154,1234,False
TN100151,Karthik,Madurai,9541040276,1234,False
TN100152,Ramesh,Perambalur,9328539990,1234,False
TN100153,Surya,Tenkasi,9683858469,1234,False
TN100154,Anand,Dharmapuri,9493489607,1234,False
TN100155,Priya,Trichy,9608092080,1234,False
TN100156,Karthik,Karur,9759044852,1234,False
TN100157,Ramesh,Mayiladuthurai,9805132476,1234,False
TN100158,Vijay,Ariyalur,9674414291,1234,False
TN100159,Rahul,Villupuram,9473591208,1234,False
TN100160,Vijay,Virudhunagar,9574041349,1234,False
TN100161,Lakshmi,Tiruvarur,9258948836,1234,False
TN100162,Kumar,Nilgiris,9955937137,1234,False
TN100163,Anand,Erode,9119483215,1234,False
TN100164,Lakshmi,Chengalpattu,9712917320,1234,False
TN100165,Suresh,Virudhunagar,9862269564,1234,False
TN100166,Meena,Coimbatore,9188226516,1234,False
TN100167,Nisha,Mayiladuthurai,9274520504,1234,False
TN100168,Harish,Mayiladuthurai,9328042260,1234,False
TN100169,Deepa,Tiruvarur,9719880594,1234,False
TN100170,Vijay,Kallakurichi,9280297575,1234,False
TN100171,Nisha,Tenkasi,9563811510,1234,False
TN100172,Nisha,Karur,9994592445,1234,False
TN100173,Meena,Perambalur,9682180454,1234,False
TN100174,Nisha,Tiruvallur,9882374552,1234,False
TN100175,Karthik,Kanniyakumari,9134584313,1234,False
TN100176,Priya,Dharmapuri,9969148657,1234,False
TN100177,Arjun,Chengalpattu,9425602991,1234,False
TN100178,Priya,Sivaganga,9706772562,1234,False
TN100179,Nisha,Nagapattinam,9140725446,1234,False
TN100180,Vijay,Mayiladuthurai,9387175551,1234,False
TN100181,Vijay,Ramanathapuram,9598891791,1234,False
TN100182,Deepa,Theni,9526922464,1234,False
TN100183,Divya,Virudhunagar,9153927657,1234,False
TN100184,Anitha,Vellore,9690152753,1234,False
TN100185,Deepa,Mayiladuthurai,9421387853,1234,False
TN100186,Anitha,Perambalur,9758161041,1234,False
TN100187,Divya,Theni,9824075530,1234,False
TN100188,Nisha,Tenkasi,9432403945,1234,False
TN100189,Rahul,Ariyalur,9406769587,1234,False
TN100190,Rahul,Trichy,9886781873,1234,False
TN100191,Harish,Cuddalore,9652637495,1234,False
TN100192,Kumar,Salem,9269646101,1234,False
TN100193,Meena,Trichy,9107185119,1234,False
TN100194,Saravanan,Thoothukudi,9319692680,1234,False
TN100195,Saravanan,Nilgiris,9354916445,1234,False
TN100196,Suresh,Thanjavur,9687135160,1234,False
TN100197,Deepa,Kallakurichi,9985089820,1234,False
TN100198,Nisha,Ranipet,9985907265,1234,False
TN100199,Ajith,Sivaganga,9734070268,1234,False
TN100200,Priya,Virudhunagar,9229285527,1234,False
TN100201,Kumar,Villupuram,9496482831,1234,False
TN100202,Deepa,Chennai,9695815363,1234,False
TN100203,Rahul,Mayiladuthurai,9499848265,1234,False
TN100204,Karthik,Karur,9202567210,1234,False
TN100205,Ravi,Nagapattinam,9129633988,1234,False
TN100206,Nisha,Thanjavur,9132130926,1234,False
TN100207,Lakshmi,Tiruppur,9826644314,1234,False
TN100208,Vijay,Chengalpattu,9125308905,1234,False
TN100209,Vijay,Nilgiris,9243481608,1234,False
TN100210,Meena,Villupuram,9651629336,1234,False
TN100211,Anand,Cuddalore,9885613336,1234,False
TN100212,Priya,Tiruppur,9657267345,1234,False
TN100213,Lakshmi,Nagapattinam,9343783235,1234,False
TN100214,Harish,Ariyalur,9564754290,1234,False
TN100215,Suresh,Kanniyakumari,9805311226,1234,False
TN100216,Ramesh,Cuddalore,9622681228,1234,False
TN100217,Harish,Thoothukudi,9874369804,1234,False
TN100218,Suresh,Erode,9168810791,1234,False
TN100219,Kumar,Tirunelveli,9151452260,1234,False
TN100220,Saravanan,Virudhunagar,9460017012,1234,False
TN100221,Deepa,Madurai,9860349373,1234,False
TN100222,Ravi,Virudhunagar,9389738246,1234,False
TN100223,Kumar,Krishnagiri,9470919878,1234,False
TN100224,Kumar,Villupuram,9347109982,1234,False
TN100225,Priya,Tiruvannamalai,9784210037,1234,False
TN100226,Saravanan,Chengalpattu,9141205963,1234,False
TN100227,Surya,Ariyalur,9977980130,1234,False
TN100228,Anand,Tirupattur,9559013048,1234,False
TN100229,Meena,Erode,9247617150,1234,False
TN100230,Rahul,Perambalur,9132834491,1234,False
TN100231,Suresh,Thoothukudi,9983258748,1234,False
TN100232,Ramesh,Chennai,9859467501,1234,False
TN100233,Anitha,Krishnagiri,9992176352,1234,False
TN100234,Anitha,Kanchipuram,9949525317,1234,False
TN100235,Divya,Nilgiris,9166546707,1234,False
TN100236,Ramesh,Vellore,9948516829,1234,False
TN100237,Priya,Erode,9740653556,1234,False
TN100238,Priya,Ranipet,9213940367,1234,False
TN100239,Anand,Salem,9123772034,1234,False
TN100240,Deepa,Nagapattinam,9845054494,1234,False
TN100241,Divya,Pudukkottai,9831334360,1234,False
TN100242,Ramesh,Perambalur,9468632606,1234,False
TN100243,Surya,Namakkal,9193611537,1234,False
TN100244,Anitha,Karur,9168585054,1234,False
TN100245,Surya,Namakkal,9223616035,1234,False
TN100246,Priya,Erode,9806880669,1234,False
TN100247,Vijay,Pudukkottai,9323015008,1234,False
TN100248,Divya,Krishnagiri,9831693877,1234,False
TN100249,Deepa,Tiruvallur,9114423537,1234,False
TN100250,Arjun,Dharmapuri,9781788214,1234,False
TN100251,Ajith,Tirunelveli,9799938099,1234,False
TN100252,Kumar,Dharmapuri,9429611543,1234,False
TN100253,Priya,Tirunelveli,9932697733,1234,False
TN100254,Vijay,Thanjavur,9913860140,1234,False
TN100255,Ravi,Dindigul,9974616849,1234,False
TN100256,Kumar,Nilgiris,9212592139,1234,False
TN100257,Divya,Madurai,9454434911,1234,False
TN100258,Priya,Mayiladuthurai,9517591586,1234,False
TN100259,Harish,Trichy,9295275314,1234,False
TN100260,Divya,Vellore,9612538153,1234,False
TN100261,Meena,Tirupattur,9247568196,1234,False
TN100262,Anitha,Vellore,9737111493,1234,False
TN100263,Lakshmi,Nilgiris,9566595256,1234,False
TN100264,Lakshmi,Tiruvannamalai,9259249578,1234,False
TN100265,Rahul,Pudukkottai,9193950606,1234,False
TN100266,Saravanan,Ranipet,9106871497,1234,False
TN100267,Kumar,Coimbatore,9752158396,1234,False
TN100268,Anitha,Perambalur,9338189241,1234,False
TN100269,Anand,Tiruvarur,9857327598,1234,False
TN100270,Priya,Sivaganga,9601639608,1234,False
TN100271,Ajith,Kanchipuram,9595392996,1234,False
TN100272,Karthik,Tiruppur,9504065425,1234,False
TN100273,Surya,Ariyalur,9119924683,1234,False
TN100274,Ramesh,Erode,9643781633,1234,False
TN100275,Lakshmi,Nilgiris,9432502967,1234,False
TN100276,Anitha,Dharmapuri,9407700893,1234,False
TN100277,Saravanan,Tirupattur,9256294781,1234,False
TN100278,Meena,Theni,9192473070,1234,False
TN100279,Arjun,Tiruvannamalai,9192011682,1234,False
TN100280,Anand,Ranipet,9257004758,1234,False
TN100281,Anand,Nilgiris,9397328211,1234,False
TN100282,Rahul,Kanniyakumari,9833046391,1234,False
TN100283,Ajith,Krishnagiri,9784495916,1234,False
TN100284,Kumar,Erode,9542641236,1234,False
TN100285,Arjun,Nilgiris,9605718103,1234,False
TN100286,Suresh,Namakkal,9913318321,1234,False
TN100287,Deepa,Thanjavur,9177620808,1234,False
TN100288,Harish,Madurai,9606669847,1234,False
TN100289,Saravanan,Sivaganga,9553176002,1234,False
TN100290,Harish,Tenkasi,9316786480,1234,False
TN100291,Lakshmi,Cuddalore,9740076848,1234,False
TN100292,Karthik,Ranipet,9885145533,1234,False
TN100293,Anand,Pudukkottai,9623275369,1234,False
TN100294,Deepa,Chengalpattu,9970942438,1234,False
TN100295,Kumar,Erode,9505734484,1234,False
TN100296,Lakshmi,Nilgiris,9110092449,1234,False
TN100297,Vijay,Erode,9336778558,1234,False
TN100298,Anand,Dharmapuri,9892366672,1234,False
TN100299,Harish,Kallakurichi,9809588828,1234,False
TN100300,Ramesh,Coimbatore,9539682960,1234,False
TN100301,Divya,Tenkasi,9913323891,1234,False
TN100302,Ajith,Tirunelveli,9528679714,1234,False
TN100303,Ravi,Tiruvannamalai,9656160114,1234,False
TN100304,Ramesh,Dharmapuri,9986270375,1234,False
TN100305,Divya,Cuddalore,9798093990,1234,False
TN100306,Kumar,Tirunelveli,9511672593,1234,False
TN100307,Rahul,Pudukkottai,9170543956,1234,False
TN100308,Anitha,Trichy,9223485951,1234,False
TN100309,Karthik,Ariyalur,9687664668,1234,False
TN100310,Rahul,Dharmapuri,9233505488,1234,False
TN100311,Nisha,Tiruvarur,9737702015,1234,False
TN100312,Divya,Pudukkottai,9135411755,1234,False
TN100313,Meena,Madurai,9659413262,1234,False
TN100314,Surya,Vellore,9852332351,1234,False
TN100315,Anand,Mayiladuthurai,9831109160,1234,False
TN100316,Nisha,Cuddalore,9117563443,1234,False
TN100317,Ramesh,Ranipet,9573395272,1234,False
TN100318,Divya,Dindigul,9659809240,1234,False
TN100319,Priya,Nagapattinam,9390392076,1234,False
TN100320,Kumar,Cuddalore,9257881305,1234,False
TN100321,Suresh,Thoothukudi,9356453189,1234,False
TN100322,Rahul,Vellore,9620142256,1234,False
TN100323,Lakshmi,Tirunelveli,9322608955,1234,False
TN100324,Ravi,Karur,9281406370,1234,False
TN100325,Harish,Mayiladuthurai,9813400451,1234,False
TN100326,Ajith,Trichy,9769125027,1234,False
TN100327,Vijay,Chennai,9587736115,1234,False
TN100328,Divya,Tiruvannamalai,9848264593,1234,False
TN100329,Kumar,Nagapattinam,9229958973,1234,False
TN100330,Nisha,Cuddalore,9663272107,1234,False
TN100331,Harish,Dindigul,9312199317,1234,False
TN100332,Arjun,Namakkal,9466627187,1234,False
TN100333,Ramesh,Tiruppur,9217546929,1234,False
TN100334,Deepa,Villupuram,9416591663,1234,False
TN100335,Suresh,Tenkasi,9124632458,1234,False
TN100336,Suresh,Tiruppur,9338707760,1234,False
TN100337,Suresh,Tenkasi,9498881534,1234,False
TN100338,Suresh,Tenkasi,9640022067,1234,False
TN100339,Suresh,Thanjavur,9835015492,1234,False
TN100340,Rahul,Dharmapuri,9590610880,1234,False
TN100341,Kumar,Mayiladuthurai,9224298520,1234,False
TN100342,Kumar,Kanniyakumari,9241102173,1234,False
TN100343,Harish,Tenkasi,9569395938,1234,False
TN100344,Kumar,Kanchipuram,9913340958,1234,False
TN100345,Ramesh,Thoothukudi,9293590786,1234,False
TN100346,Vijay,Cuddalore,9886569784,1234,False
TN100347,Karthik,Ranipet,9275473576,1234,False
TN100348,Anand,Chengalpattu,9614466822,1234,False
TN100349,Arjun,Nagapattinam,9738118241,1234,False
TN100350,Karthik,Cuddalore,9635841575,1234,False
TN100351,Anand,Tenkasi,9657748219,1234,False
TN100352,Meena,Nagapattinam,9176130252,1234,False
TN100353,Suresh,Trichy,9253648658,1234,False
TN100354,Kumar,Ramanathapuram,9379265565,1234,False
TN100355,Deepa,Thoothukudi,9187530667,1234,False
TN100356,Arjun,Madurai,9572586529,1234,False
TN100357,Divya,Chennai,9175572551,1234,False
TN100358,Suresh,Tiruvarur,9138746184,1234,False
TN100359,Ramesh,Cuddalore,9907443248,1234,False
TN100360,Kumar,Cuddalore,9736009139,1234,False
TN100361,Surya,Kanniyakumari,9941514387,1234,False
TN100362,Ajith,Coimbatore,9628716647,1234,False
TN100363,Harish,Nilgiris,9585031361,1234,False
TN100364,Nisha,Mayiladuthurai,9749503152,1234,False
TN100365,Ramesh,Pudukkottai,9840780250,1234,False
TN100366,Kumar,Madurai,9449302183,1234,False
TN100367,Arjun,Sivaganga,9749296308,1234,False
TN100368,Priya,Kanniyakumari,9777156271,1234,False
TN100369,Ajith,Sivaganga,9335485996,1234,False
TN100370,Harish,Virudhunagar,9728111662,1234,False
TN100371,Kumar,Kanniyakumari,9624600800,1234,False
TN100372,Surya,Cuddalore,9122094791,1234,False
TN100373,Ravi,Dindigul,9301496082,1234,False
TN100374,Divya,Pudukkottai,9931151817,1234,False
TN100375,Anitha,Kanniyakumari,9112500553,1234,False
TN100376,Karthik,Tirupattur,9481985049,1234,False
TN100377,Deepa,Krishnagiri,9220518103,1234,False
TN100378,Saravanan,Perambalur,9864832928,1234,False
TN100379,Rahul,Tirunelveli,9386245552,1234,False
TN100380,Vijay,Mayiladuthurai,9591983647,1234,False
TN100381,Suresh,Chengalpattu,9518867789,1234,False
TN100382,Anand,Kanniyakumari,9898639842,1234,False
TN100383,Vijay,Karur,9260917144,1234,False
TN100384,Ajith,Ariyalur,9247292139,1234,False
TN100385,Priya,Chengalpattu,9186067050,1234,False
TN100386,Meena,Ranipet,9251410241,1234,False
TN100387,Harish,Tenkasi,9141478882,1234,False
TN100388,Deepa,Trichy,9365295447,1234,False
TN100389,Kumar,Tirunelveli,9252705460,1234,False
TN100390,Saravanan,Villupuram,9935436745,1234,False
TN100391,Ajith,Krishnagiri,9678952019,1234,False
TN100392,Surya,Tirunelveli,9377538819,1234,False
TN100393,Arjun,Tiruppur,9291956580,1234,False
TN100394,Rahul,Dindigul,9517671272,1234,False
TN100395,Vijay,Chennai,9472000765,1234,False
TN100396,Nisha,Ranipet,9502142139,1234,False
TN100397,Vijay,Mayiladuthurai,9921031581,1234,False
TN100398,Meena,Ramanathapuram,9930195823,1234,False
TN100399,Rahul,Chennai,9240759280,1234,False
TN100400,Kumar,Kanchipuram,9179493369,1234,False
TN100401,Ramesh,Kallakurichi,9387344536,1234,False
TN100402,Surya,Cuddalore,9100014636,1234,False
TN100403,Anand,Salem,9305111343,1234,False
TN100404,Anand,Salem,9310507757,1234,False
TN100405,Anand,Chennai,9435351421,1234,False
TN100406,Ravi,Trichy,9352230091,1234,False
TN100407,Vijay,Ariyalur,9560850802,1234,False
TN100408,Divya,Thoothukudi,9629706027,1234,False
TN100409,Kumar,Trichy,9811636481,1234,False
TN100410,Surya,Tiruvallur,9782008610,1234,False
TN100411,Vijay,Sivaganga,9426262502,1234,False
TN100412,Rahul,Dharmapuri,9101688261,1234,False
TN100413,Suresh,Erode,9390805270,1234,False
TN100414,Saravanan,Tirunelveli,9234432221,1234,False
TN100415,Deepa,Ariyalur,9529114286,1234,False
TN100416,Harish,Ramanathapuram,9860227757,1234,False
TN100417,Karthik,Nagapattinam,9757740286,1234,False
TN100418,Meena,Sivaganga,9449838484,1234,False
TN100419,Suresh,Tiruvannamalai,9958696224,1234,False
TN100420,Deepa,Pudukkottai,9991298964,1234,False
TN100421,Deepa,Virudhunagar,9401687806,1234,False
TN100422,Anand,Villupuram,9216535151,1234,False
TN100423,Arjun,Coimbatore,9121539862,1234,False
TN100424,Lakshmi,Villupuram,9747373124,1234,False
TN100425,Anitha,Ariyalur,9848026316,1234,False
TN100426,Lakshmi,Ranipet,9489384577,1234,False
TN100427,Kumar,Mayiladuthurai,9584087394,1234,False
TN100428,Anand,Kanniyakumari,9431919562,1234,False
TN100429,Vijay,Ramanathapuram,9491118970,1234,False
TN100430,Harish,Cuddalore,9372698599,1234,False
TN100431,Rahul,Ramanathapuram,9420559147,1234,False
TN100432,Vijay,Tirunelveli,9627330013,1234,False
TN100433,Harish,Coimbatore,9167557316,1234,False
TN100434,Meena,Tenkasi,9441429689,1234,False
TN100435,Saravanan,Ariyalur,9750978491,1234,False
TN100436,Karthik,Salem,9396437430,1234,False
TN100437,Divya,Kanchipuram,9597417571,1234,False
TN100438,Arjun,Nagapattinam,9969991280,1234,False
TN100439,Surya,Chengalpattu,9260267700,1234,False
TN100440,Harish,Theni,9706426271,1234,False
TN100441,Suresh,Virudhunagar,9945475113,1234,False
TN100442,Saravanan,Kallakurichi,9858435807,1234,False
TN100443,Rahul,Salem,9628385161,1234,False
TN100444,Arjun,Virudhunagar,9348060671,1234,False
TN100445,Deepa,Chengalpattu,9978987549,1234,False
TN100446,Rahul,Namakkal,9611294034,1234,False
TN100447,Ajith,Tirunelveli,9222768166,1234,False
TN100448,Kumar,Chennai,9619093496,1234,False
TN100449,Ravi,Chengalpattu,9445070737,1234,False
TN100450,Ramesh,Salem,9684654208,1234,False
TN100451,Suresh,Chengalpattu,9372282463,1234,False
TN100452,Rahul,Chengalpattu,9505685151,1234,False
TN100453,Arjun,Tiruvarur,9918860184,1234,False
TN100454,Nisha,Virudhunagar,9375188262,1234,False
TN100455,Priya,Sivaganga,9966311005,1234,False
TN100456,Ajith,Karur,9271370106,1234,False
TN100457,Lakshmi,Trichy,9713777663,1234,False
TN100458,Ravi,Virudhunagar,9960510624,1234,False
TN100459,Divya,Tiruvannamalai,9500265173,1234,False
TN100460,Deepa,Krishnagiri,9700184303,1234,False
TN100461,Ajith,Nilgiris,9761413779,1234,False
TN100462,Vijay,Sivaganga,9961795464,1234,False
TN100463,Nisha,Nagapattinam,9281253540,1234,False
TN100464,Ramesh,Krishnagiri,9624304834,1234,False
TN100465,Nisha,Virudhunagar,9654211521,1234,False
TN100466,Harish,Tiruvannamalai,9806263144,1234,False
TN100467,Suresh,Thanjavur,9433147057,1234,False
TN100468,Anand,Dharmapuri,9392974421,1234,False
TN100469,Ravi,Madurai,9828963837,1234,False
TN100470,Lakshmi,Namakkal,9923690979,1234,False
TN100471,Anitha,Cuddalore,9365928932,1234,False
TN100472,Suresh,Virudhunagar,9880403744,1234,False
TN100473,Ramesh,Sivaganga,9199495196,1234,False
TN100474,Ajith,Ariyalur,9722094308,1234,False
TN100475,Priya,Chennai,9963995188,1234,False
TN100476,Karthik,Virudhunagar,9960092381,1234,False
TN100477,Karthik,Tirunelveli,9169893050,1234,False
TN100478,Ramesh,Kallakurichi,9832620699,1234,False
TN100479,Lakshmi,Madurai,9891319313,1234,False
TN100480,Anitha,Villupuram,9642985618,1234,False
TN100481,Anand,Nagapattinam,9511451496,1234,False
TN100482,Ajith,Cuddalore,9678398110,1234,False
TN100483,Priya,Vellore,9323773956,1234,False
TN100484,Divya,Namakkal,9886573606,1234,False
TN100485,Vijay,Ranipet,9873252109,1234,False
TN100486,Ramesh,Tiruvallur,9781754705,1234,False
TN100487,Nisha,Ranipet,9527313976,1234,False
TN100488,Surya,Chennai,9818712640,1234,False
TN100489,Kumar,Nagapattinam,9938061393,1234,False
TN100490,Kumar,Perambalur,9345653508,1234,False
TN100491,Divya,Tirupattur,9707317572,1234,False
TN100492,Deepa,Tenkasi,9997644520,1234,False
TN100493,Anitha,Virudhunagar,9469927514,1234,False
TN100494,Arjun,Sivaganga,9253853592,1234,False
TN100495,Vijay,Virudhunagar,9493454482,1234,False
TN100496,Arjun,Cuddalore,9768372709,1234,False
TN100497,Ravi,Nilgiris,9715286079,1234,False
TN100498,Anitha,Tiruvannamalai,9819739388,1234,False
TN100499,Ajith,Trichy,9808413748,1234,False
TN100500,Anitha,Krishnagiri,9531826412,1234,False
TN100501,Nisha,Cuddalore,9624167945,1234,False
TN100502,Divya,Coimbatore,9610613152,1234,False
TN100503,Surya,Kallakurichi,9767535548,1234,False
TN100504,Priya,Thoothukudi,9489595707,1234,False
TN100505,Arjun,Tenkasi,9597706188,1234,False
TN100506,Karthik,Karur,9297222496,1234,False
TN100507,Lakshmi,Sivaganga,9696247456,1234,False
TN100508,Anitha,Dharmapuri,9183489073,1234,False
TN100509,Lakshmi,Nilgiris,9530377753,1234,False
TN100510,Ramesh,Tiruvallur,9187737073,1234,False
TN100511,Ravi,Ranipet,9543967952,1234,False
TN100512,Deepa,Dharmapuri,9642332132,1234,False
TN100513,Lakshmi,Namakkal,9821534777,1234,False
TN100514,Karthik,Nagapattinam,9915435005,1234,False
TN100515,Divya,Nilgiris,9672258553,1234,False
TN100516,Ravi,Tirupattur,9234022033,1234,False
TN100517,Rahul,Sivaganga,9176128579,1234,False
TN100518,Saravanan,Sivaganga,9107598751,1234,False
TN100519,Anitha,Chengalpattu,9842073717,1234,False
TN100520,Arjun,Virudhunagar,9815492310,1234,False
TN100521,Ajith,Ramanathapuram,9431587388,1234,False
TN100522,Nisha,Karur,9650604395,1234,False
TN100523,Deepa,Vellore,9990510440,1234,False
TN100524,Anitha,Virudhunagar,9944781077,1234,False
TN100525,Deepa,Erode,9251845294,1234,False
TN100526,Ramesh,Coimbatore,9506409968,1234,False
TN100527,Surya,Ramanathapuram,9488383648,1234,False
TN100528,Arjun,Villupuram,9728503014,1234,False
TN100529,Anand,Tiruvarur,9760114517,1234,False
TN100530,Ajith,Villupuram,9227005284,1234,False
TN100531,Harish,Ariyalur,9884332622,1234,False
TN100532,Divya,Ramanathapuram,9146326632,1234,False
TN100533,Rahul,Cuddalore,9853978162,1234,False
TN100534,Ravi,Karur,9558706606,1234,False
TN100535,Anitha,Dharmapuri,9230980988,1234,False
TN100536,Ramesh,Vellore,9380357344,1234,False
TN100537,Harish,Tiruvannamalai,9336969334,1234,False
TN100538,Karthik,Namakkal,9769826619,1234,False
TN100539,Lakshmi,Nagapattinam,9474032568,1234,False
TN100540,Karthik,Tiruvallur,9195828002,1234,False
TN100541,Deepa,Cuddalore,9176389729,1234,False
TN100542,Priya,Ranipet,9371972038,1234,False
TN100543,Nisha,Cuddalore,9109856193,1234,False
TN100544,Ramesh,Virudhunagar,9383272432,1234,False
TN100545,Lakshmi,Tiruvallur,9936150181,1234,False
TN100546,Kumar,Ranipet,9261391329,1234,False
TN100547,Ramesh,Sivaganga,9543412842,1234,False
TN100548,Arjun,Tiruvannamalai,9927367190,1234,False
TN100549,Vijay,Ranipet,9752730566,1234,False
TN100550,Karthik,Thanjavur,9647627419,1234,False
TN100551,Priya,Ramanathapuram,9884490039,1234,False
TN100552,Ajith,Perambalur,9574657193,1234,False
TN100553,Karthik,Virudhunagar,9373551961,1234,False
TN100554,Anitha,Tirupattur,9999654002,1234,False
TN100555,Suresh,Tiruvallur,9315896438,1234,False
TN100556,Surya,Karur,9990277997,1234,False
TN100557,Rahul,Madurai,9853453455,1234,False
TN100558,Meena,Virudhunagar,9388886234,1234,False
TN100559,Ravi,Pudukkottai,9956163807,1234,False
TN100560,Anand,Tirupattur,9308768214,1234,False
TN100561,Anand,Tiruvarur,9750229431,1234,False
TN100562,Suresh,Sivaganga,9627095208,1234,False
TN100563,Saravanan,Sivaganga,9615596919,1234,False
TN100564,Anitha,Karur,9253528380,1234,False
TN100565,Vijay,Thoothukudi,9227780378,1234,False
TN100566,Nisha,Chennai,9704942910,1234,False
TN100567,Nisha,Tirunelveli,9399011324,1234,False
TN100568,Nisha,Trichy,9484012398,1234,False
TN100569,Anitha,Ariyalur,9592527498,1234,False
TN100570,Anitha,Tiruvallur,9944189259,1234,False
TN100571,Harish,Kanchipuram,9753163186,1234,False
TN100572,Anitha,Thoothukudi,9747575849,1234,False
TN100573,Meena,Namakkal,9478975752,1234,False
TN100574,Priya,Nagapattinam,9113835634,1234,False
TN100575,Meena,Sivaganga,9758193171,1234,False
TN100576,Ajith,Tenkasi,9850144966,1234,False
TN100577,Vijay,Villupuram,9614840002,1234,False
TN100578,Anitha,Thoothukudi,9113716477,1234,False
TN100579,Ramesh,Tirunelveli,9198899946,1234,False
TN100580,Harish,Vellore,9758690627,1234,False
TN100581,Lakshmi,Dindigul,9531800951,1234,False
TN100582,Rahul,Tiruppur,9925742155,1234,False
TN100583,Nisha,Salem,9431618729,1234,False
TN100584,Meena,Virudhunagar,9102682494,1234,False
TN100585,Nisha,Thoothukudi,9784436813,1234,False
TN100586,Harish,Tenkasi,9274439595,1234,False
TN100587,Nisha,Chengalpattu,9792856951,1234,False
TN100588,Ravi,Madurai,9177447143,1234,False
TN100589,Saravanan,Tenkasi,9873119291,1234,False
TN100590,Kumar,Chengalpattu,9634272583,1234,False
TN100591,Kumar,Pudukkottai,9964013585,1234,False
TN100592,Anitha,Namakkal,9245971499,1234,False
TN100593,Divya,Namakkal,9586387074,1234,False
TN100594,Harish,Tirunelveli,9708637949,1234,False
TN100595,Lakshmi,Tiruppur,9739164826,1234,False
TN100596,Ravi,Chennai,9647484986,1234,False
TN100597,Rahul,Coimbatore,9155413278,1234,False
TN100598,Ramesh,Virudhunagar,9904476984,1234,False
TN100599,Divya,Ranipet,9119244041,1234,False
TN100600,Ravi,Vellore,9450072887,1234,False
TN100601,Rahul,Trichy,9391229955,1234,False
TN100602,Anand,Madurai,9515673634,1234,False
TN100603,Harish,Erode,9362722670,1234,False
TN100604,Harish,Trichy,9870902019,1234,False
TN100605,Lakshmi,Nilgiris,9159034968,1234,False
TN100606,Ravi,Nilgiris,9337750768,1234,False
TN100607,Ramesh,Ramanathapuram,9381895622,1234,False
TN100608,Meena,Cuddalore,9726906960,1234,False
TN100609,Kumar,Tiruvarur,9475751910,1234,False
TN100610,Ramesh,Thanjavur,9185983739,1234,False
TN100611,Vijay,Sivaganga,9164922555,1234,False
TN100612,Meena,Nagapattinam,9646536306,1234,False
TN100613,Karthik,Ariyalur,9216681143,1234,False
TN100614,Lakshmi,Erode,9345359636,1234,False
TN100615,Suresh,Virudhunagar,9150225754,1234,False
TN100616,Anand,Coimbatore,9683274998,1234,False
TN100617,Vijay,Krishnagiri,9129456170,1234,False
TN100618,Ajith,Nagapattinam,9575783279,1234,False
TN100619,Rahul,Tiruppur,9567209041,1234,False
TN100620,Priya,Erode,9584372155,1234,False
TN100621,Anitha,Vellore,9167084146,1234,False
TN100622,Divya,Krishnagiri,9492787939,1234,False
TN100623,Divya,Virudhunagar,9541549089,1234,False
TN100624,Arjun,Coimbatore,9497019771,1234,False
TN100625,Lakshmi,Nagapattinam,9614676302,1234,False
TN100626,Nisha,Namakkal,9651953038,1234,False
TN100627,Meena,Dindigul,9974456909,1234,False
TN100628,Anitha,Namakkal,9426048655,1234,False
TN100629,Surya,Theni,9956457461,1234,False
TN100630,Anand,Nilgiris,9943406180,1234,False
TN100631,Karthik,Nagapattinam,9103119586,1234,False
TN100632,Lakshmi,Tiruvannamalai,9181223239,1234,False
TN100633,Harish,Tiruvannamalai,9261108526,1234,False
TN100634,Harish,Ariyalur,9504181018,1234,False
TN100635,Divya,Perambalur,9807122022,1234,False
TN100636,Anand,Thanjavur,9563380182,1234,False
TN100637,Karthik,Tirupattur,9143258510,1234,False
TN100638,Harish,Coimbatore,9353564619,1234,False
TN100639,Arjun,Ramanathapuram,9689295214,1234,False
TN100640,Kumar,Tiruvallur,9190821096,1234,False
TN100641,Nisha,Ramanathapuram,9868677470,1234,False
TN100642,Lakshmi,Theni,9408485001,1234,False
TN100643,Ajith,Sivaganga,9779597308,1234,False
TN100644,Harish,Ariyalur,9968342790,1234,False
TN100645,Anand,Pudukkottai,9603209480,1234,False
TN100646,Arjun,Madurai,9462502191,1234,False
TN100647,Harish,Tirupattur,9887178124,1234,False
TN100648,Karthik,Tiruvallur,9777069065,1234,False
TN100649,Ravi,Dindigul,9894709722,1234,False
TN100650,Karthik,Tenkasi,9274678611,1234,False
TN100651,Arjun,Tiruvallur,9961068292,1234,False
TN100652,Saravanan,Vellore,9929848840,1234,False
TN100653,Kumar,Tenkasi,9256205925,1234,False
TN100654,Surya,Madurai,9836073315,1234,False
TN100655,Suresh,Vellore,9494253602,1234,False
TN100656,Ajith,Perambalur,9669321622,1234,False
TN100657,Ravi,Tiruvannamalai,9442367124,1234,False
TN100658,Ravi,Sivaganga,9538263724,1234,False
TN100659,Surya,Tenkasi,9445321646,1234,False
TN100660,Karthik,Chengalpattu,9911869063,1234,False
TN100661,Ravi,Tenkasi,9507237567,1234,False
TN100662,Kumar,Thoothukudi,9120295030,1234,False
TN100663,Meena,Tirunelveli,9607051057,1234,False
TN100664,Vijay,Perambalur,9809909795,1234,False
TN100665,Priya,Trichy,9532841648,1234,False
TN100666,Saravanan,Tiruppur,9389390752,1234,False
TN100667,Ajith,Tiruvarur,9467218577,1234,False
TN100668,Arjun,Tirunelveli,9674724807,1234,False
TN100669,Harish,Sivaganga,9235455077,1234,False
TN100670,Harish,Tiruvarur,9359765859,1234,False
TN100671,Ajith,Kanchipuram,9228448017,1234,False
TN100672,Arjun,Karur,9344377891,1234,False
TN100673,Surya,Tiruvarur,9625711723,1234,False
TN100674,Arjun,Cuddalore,9727821551,1234,False
TN100675,Anand,Krishnagiri,9140670630,1234,False
TN100676,Arjun,Thanjavur,9516844946,1234,False
TN100677,Priya,Ranipet,9625351394,1234,False
TN100678,Harish,Namakkal,9273372445,1234,False
TN100679,Ramesh,Perambalur,9947396378,1234,False
TN100680,Arjun,Madurai,9979450034,1234,False
TN100681,Karthik,Thanjavur,9216665228,1234,False
TN100682,Surya,Tiruvarur,9589036025,1234,False
TN100683,Vijay,Ranipet,9289106104,1234,False
TN100684,Meena,Namakkal,9683133927,1234,False
TN100685,Anand,Krishnagiri,9386695066,1234,False
TN100686,Lakshmi,Vellore,9573517007,1234,False
TN100687,Nisha,Thoothukudi,9980321627,1234,False
TN100688,Ramesh,Erode,9113474207,1234,False
TN100689,Karthik,Virudhunagar,9536444088,1234,False
TN100690,Rahul,Mayiladuthurai,9799570162,1234,False
TN100691,Divya,Theni,9865749066,1234,False
TN100692,Suresh,Kallakurichi,9190391008,1234,False
TN100693,Ravi,Tiruvannamalai,9713213939,1234,False
TN100694,Surya,Vellore,9632768721,1234,False
TN100695,Saravanan,Karur,9980872524,1234,False
TN100696,Suresh,Chennai,9745931904,1234,False
TN100697,Lakshmi,Dharmapuri,9315971628,1234,False
TN100698,Nisha,Coimbatore,9687500426,1234,False
TN100699,Suresh,Nilgiris,9621909739,1234,False
TN100700,Nisha,Cuddalore,9656269741,1234,False
TN100701,Rahul,Nagapattinam,9281361413,1234,False
TN100702,Ramesh,Erode,9671554911,1234,False
TN100703,Arjun,Perambalur,9642725982,1234,False
TN100704,Lakshmi,Salem,9922630140,1234,False
TN100705,Saravanan,Ramanathapuram,9883987541,1234,False
TN100706,Surya,Vellore,9771028088,1234,False
TN100707,Ajith,Tiruvannamalai,9419347942,1234,False
TN100708,Vijay,Theni,9597559360,1234,False
TN100709,Lakshmi,Cuddalore,9177362559,1234,False
TN100710,Meena,Vellore,9234693023,1234,False
TN100711,Saravanan,Ariyalur,9327547880,1234,False
TN100712,Priya,Chennai,9471454561,1234,False
TN100713,Anitha,Tenkasi,9854624180,1234,False
TN100714,Nisha,Sivaganga,9514441916,1234,False
TN100715,Ajith,Tirunelveli,9321031488,1234,False
TN100716,Suresh,Perambalur,9919039652,1234,False
TN100717,Lakshmi,Tenkasi,9531048347,1234,False
TN100718,Surya,Namakkal,9278955590,1234,False
TN100719,Ajith,Chennai,9683103958,1234,False
TN100720,Vijay,Cuddalore,9944077094,1234,False
TN100721,Deepa,Sivaganga,9685905312,1234,False
TN100722,Ramesh,Thoothukudi,9200638026,1234,False
TN100723,Meena,Tiruppur,9734205681,1234,False
TN100724,Saravanan,Tirunelveli,9550739880,1234,False
TN100725,Meena,Dharmapuri,9913767254,1234,False
TN100726,Divya,Madurai,9591875884,1234,False
TN100727,Rahul,Ranipet,9945732359,1234,False
TN100728,Kumar,Karur,9521983082,1234,False
TN100729,Anand,Dharmapuri,9957598040,1234,False
TN100730,Anand,Cuddalore,9552106720,1234,False
TN100731,Arjun,Tiruvannamalai,9770539818,1234,False
TN100732,Rahul,Salem,9913520749,1234,False
TN100733,Deepa,Perambalur,9234525882,1234,False
TN100734,Ramesh,Krishnagiri,9293155345,1234,False
TN100735,Lakshmi,Theni,9456476554,1234,False
TN100736,Deepa,Tiruvarur,9588671738,1234,False
TN100737,Anand,Nilgiris,9187141405,1234,False
TN100738,Anand,Erode,9564584987,1234,False
TN100739,Ajith,Karur,9333158514,1234,False
TN100740,Rahul,Salem,9461914515,1234,False
TN100741,Anitha,Karur,9180455431,1234,False
TN100742,Priya,Tiruvarur,9859989877,1234,False
TN100743,Surya,Tirupattur,9216656150,1234,False
TN100744,Vijay,Ranipet,9674302947,1234,False
TN100745,Rahul,Mayiladuthurai,9825507185,1234,False
TN100746,Anitha,Tirupattur,9919073489,1234,False
TN100747,Harish,Virudhunagar,9170797574,1234,False
TN100748,Priya,Namakkal,9457819838,1234,False
TN100749,Kumar,Ramanathapuram,9477157015,1234,False
TN100750,Anitha,Tiruvallur,9150843963,1234,False
TN100751,Anand,Tiruvallur,9761556382,1234,False
TN100752,Nisha,Krishnagiri,9951119122,1234,False
TN100753,Rahul,Erode,9272442890,1234,False
TN100754,Kumar,Thanjavur,9562641076,1234,False
TN100755,Divya,Tirunelveli,9383081808,1234,False
TN100756,Deepa,Krishnagiri,9335977164,1234,False
TN100757,Karthik,Krishnagiri,9594075044,1234,False
TN100758,Vijay,Tiruvarur,9159821599,1234,False
TN100759,Divya,Kanniyakumari,9917550573,1234,False
TN100760,Divya,Krishnagiri,9932362348,1234,False
TN100761,Meena,Tirupattur,9278483990,1234,False
TN100762,Deepa,Thanjavur,9675854354,1234,False
TN100763,Ramesh,Dindigul,9875864209,1234,False
TN100764,Meena,Tirunelveli,9168048343,1234,False
TN100765,Ravi,Chengalpattu,9380448836,1234,False
TN100766,Saravanan,Tenkasi,9244489041,1234,False
TN100767,Meena,Thanjavur,9380747978,1234,False
TN100768,Kumar,Virudhunagar,9675321375,1234,False
TN100769,Saravanan,Kanniyakumari,9639295188,1234,False
TN100770,Priya,Kanchipuram,9398261454,1234,False
TN100771,Saravanan,Thoothukudi,9190159301,1234,False
TN100772,Ramesh,Tirunelveli,9783915734,1234,False
TN100773,Suresh,Dharmapuri,9628102499,1234,False
TN100774,Harish,Tirupattur,9981945105,1234,False
TN100775,Surya,Vellore,9231241775,1234,False
TN100776,Kumar,Perambalur,9482378993,1234,False
TN100777,Arjun,Nagapattinam,9178291309,1234,False
TN100778,Anitha,Sivaganga,9796716604,1234,False
TN100779,Saravanan,Perambalur,9266224019,1234,False
TN100780,Rahul,Chennai,9678254882,1234,False
TN100781,Surya,Theni,9824589499,1234,False
TN100782,Anitha,Mayiladuthurai,9493987173,1234,False
TN100783,Vijay,Pudukkottai,9553700052,1234,False
TN100784,Rahul,Mayiladuthurai,9444591131,1234,False
TN100785,Saravanan,Cuddalore,9335201315,1234,False
TN100786,Ravi,Pudukkottai,9527480908,1234,False
TN100787,Suresh,Tenkasi,9863503954,1234,False
TN100788,Kumar,Tenkasi,9269454690,1234,False
TN100789,Kumar,Thoothukudi,9976191732,1234,False
TN100790,Ajith,Pudukkottai,9191525281,1234,False
TN100791,Saravanan,Karur,9195900863,1234,False
TN100792,Suresh,Perambalur,9736648961,1234,False
TN100793,Karthik,Kanniyakumari,9144208953,1234,False
TN100794,Deepa,Cuddalore,9397344384,1234,False
TN100795,Priya,Chennai,9868476795,1234,False
TN100796,Anand,Chengalpattu,9904595062,1234,False
TN100797,Karthik,Coimbatore,9662103930,1234,False
TN100798,Vijay,Tiruppur,9373073098,1234,False
TN100799,Lakshmi,Salem,9375090857,1234,False
TN100800,Rahul,Ramanathapuram,9779086231,1234,False
TN100801,Suresh,Erode,9124812791,1234,False
TN100802,Harish,Nilgiris,9291732429,1234,False
TN100803,Nisha,Sivaganga,9508530398,1234,False
TN100804,Anand,Theni,9536577028,1234,False
TN100805,Rahul,Perambalur,9112793576,1234,False
TN100806,Deepa,Tiruvarur,9964757808,1234,False
TN100807,Anitha,Mayiladuthurai,9189414193,1234,False
TN100808,Deepa,Salem,9448515003,1234,False
TN100809,Anand,Perambalur,9313732609,1234,False
TN100810,Vijay,Nilgiris,9541711433,1234,False
TN100811,Anand,Cuddalore,9769074853,1234,False
TN100812,Saravanan,Dharmapuri,9317217142,1234,False
TN100813,Meena,Tiruvarur,9760492920,1234,False
TN100814,Kumar,Ranipet,9997854237,1234,False
TN100815,Ravi,Tirupattur,9946780149,1234,False
TN100816,Anitha,Chengalpattu,9212480666,1234,False
TN100817,Anitha,Dharmapuri,9788751896,1234,False
TN100818,Priya,Trichy,9449883793,1234,False
TN100819,Ravi,Vellore,9775097987,1234,False
TN100820,Suresh,Coimbatore,9970596479,1234,False
TN100821,Surya,Tirupattur,9251487449,1234,False
TN100822,Arjun,Virudhunagar,9165176970,1234,False
TN100823,Priya,Pudukkottai,9961074023,1234,False
TN100824,Vijay,Mayiladuthurai,9782430317,1234,False
TN100825,Saravanan,Vellore,9141610859,1234,False
TN100826,Nisha,Krishnagiri,9152708922,1234,False
TN100827,Meena,Erode,9676745092,1234,False
TN100828,Kumar,Dharmapuri,9317529728,1234,False
TN100829,Saravanan,Villupuram,9128170489,1234,False
TN100830,Nisha,Tenkasi,9206276859,1234,False
TN100831,Arjun,Thoothukudi,9366404539,1234,False
TN100832,Harish,Nilgiris,9271652991,1234,False
TN100833,Suresh,Tenkasi,9749632786,1234,False
TN100834,Nisha,Theni,9195075470,1234,False
TN100835,Lakshmi,Ranipet,9282497867,1234,False
TN100836,Suresh,Cuddalore,9956366571,1234,False
TN100837,Nisha,Theni,9207996920,1234,False
TN100838,Deepa,Cuddalore,9775223400,1234,False
TN100839,Ajith,Krishnagiri,9432806460,1234,False
TN100840,Ajith,Kallakurichi,9292680748,1234,False
TN100841,Anand,Kallakurichi,9814243656,1234,False
TN100842,Nisha,Tiruvallur,9405814933,1234,False
TN100843,Kumar,Kallakurichi,9373121912,1234,False
TN100844,Ramesh,Cuddalore,9822679453,1234,False
TN100845,Ramesh,Nilgiris,9858835701,1234,False
TN100846,Rahul,Tiruvallur,9105697422,1234,False
TN100847,Saravanan,Cuddalore,9382246805,1234,False
TN100848,Deepa,Tiruvallur,9272562278,1234,False
TN100849,Deepa,Vellore,9888353200,1234,False
TN100850,Divya,Mayiladuthurai,9103541175,1234,False
TN100851,Lakshmi,Salem,9858305120,1234,False
TN100852,Anitha,Erode,9922006394,1234,False
TN100853,Nisha,Sivaganga,9701984372,1234,False
TN100854,Divya,Namakkal,9558393557,1234,False
TN100855,Ajith,Mayiladuthurai,9370511327,1234,False
TN100856,Priya,Dharmapuri,9674828542,1234,False
TN100857,Arjun,Kallakurichi,9404556314,1234,False
TN100858,Divya,Mayiladuthurai,9101235398,1234,False
TN100859,Ajith,Mayiladuthurai,9263966712,1234,False
TN100860,Priya,Kanniyakumari,9322869990,1234,False
TN100861,Meena,Coimbatore,9887093800,1234,False
TN100862,Surya,Trichy,9926251681,1234,False
TN100863,Harish,Thanjavur,9584332852,1234,False
TN100864,Ramesh,Coimbatore,9458810630,1234,False
TN100865,Vijay,Virudhunagar,9133467319,1234,False
TN100866,Arjun,Sivaganga,9755556752,1234,False
TN100867,Anand,Tenkasi,9490991085,1234,False
TN100868,Vijay,Mayiladuthurai,9988526552,1234,False
TN100869,Surya,Karur,9894002743,1234,False
TN100870,Lakshmi,Tiruvarur,9207690104,1234,False
TN100871,Lakshmi,Trichy,9601824114,1234,False
TN100872,Nisha,Sivaganga,9503082518,1234,False
TN100873,Surya,Tiruvarur,9611131032,1234,False
TN100874,Anand,Tiruvarur,9678251269,1234,False
TN100875,Meena,Tiruppur,9308699941,1234,False
TN100876,Ajith,Thoothukudi,9670949243,1234,False
TN100877,Anitha,Villupuram,9467305279,1234,False
TN100878,Anitha,Kanchipuram,9652078452,1234,False
TN100879,Rahul,Thoothukudi,9658797091,1234,False
TN100880,Ramesh,Tiruvallur,9459879844,1234,False
TN100881,Saravanan,Sivaganga,9703966136,1234,False
TN100882,Karthik,Salem,9976724560,1234,False
TN100883,Saravanan,Tiruppur,9737562554,1234,False
TN100884,Surya,Ramanathapuram,9356204194,1234,False
TN100885,Divya,Tirupattur,9748943240,1234,False
TN100886,Suresh,Chennai,9255912174,1234,False
TN100887,Suresh,Kanchipuram,9754037926,1234,False
TN100888,Anand,Ramanathapuram,9605043221,1234,False
TN100889,Anand,Pudukkottai,9544900235,1234,False
TN100890,Ajith,Virudhunagar,9451638591,1234,False
TN100891,Rahul,Tenkasi,9460255530,1234,False
TN100892,Kumar,Dharmapuri,9836028713,1234,False
TN100893,Lakshmi,Tiruvarur,9799378639,1234,False
TN100894,Vijay,Tenkasi,9892401479,1234,False
TN100895,Vijay,Mayiladuthurai,9611334150,1234,False
TN100896,Saravanan,Virudhunagar,9826331429,1234,False
TN100897,Divya,Thanjavur,9596129224,1234,False
TN100898,Meena,Mayiladuthurai,9494541675,1234,False
TN100899,Divya,Dharmapuri,9317348227,1234,False
TN100900,Ravi,Tirunelveli,9698245833,1234,False
TN100901,Lakshmi,Sivaganga,9222591802,1234,False
TN100902,Divya,Theni,9634948882,1234,False
TN100903,Surya,Tirupattur,9294552352,1234,False
TN100904,Nisha,Ranipet,9572291309,1234,False
TN100905,Ramesh,Chengalpattu,9534191080,1234,False
TN100906,Harish,Chengalpattu,9536391358,1234,False
TN100907,Nisha,Dindigul,9484123582,1234,False
TN100908,Harish,Tiruppur,9476253721,1234,False
TN100909,Nisha,Chengalpattu,9847546055,1234,False
TN100910,Ramesh,Kallakurichi,9771591242,1234,False
TN100911,Priya,Cuddalore,9855877250,1234,False
TN100912,Ravi,Dindigul,9120588030,1234,False
TN100913,Harish,Coimbatore,9273393302,1234,False
TN100914,Saravanan,Erode,9694386918,1234,False
TN100915,Anand,Ariyalur,9288451769,1234,False
TN100916,Anand,Karur,9570451484,1234,False
TN100917,Meena,Mayiladuthurai,9311144720,1234,False
TN100918,Anitha,Theni,9715339470,1234,False
TN100919,Divya,Tiruvarur,9340805524,1234,False
TN100920,Anand,Salem,9281750489,1234,False
TN100921,Arjun,Chennai,9392235675,1234,False
TN100922,Deepa,Tenkasi,9211971671,1234,False
TN100923,Karthik,Krishnagiri,9891453459,1234,False
TN100924,Ramesh,Salem,9608971163,1234,False
TN100925,Divya,Chengalpattu,9593086870,1234,False
TN100926,Priya,Virudhunagar,9644104053,1234,False
TN100927,Arjun,Karur,9725354448,1234,False
TN100928,Saravanan,Trichy,9778681126,1234,False
TN100929,Harish,Virudhunagar,9326849140,1234,False
TN100930,Arjun,Nilgiris,9881964453,1234,False
TN100931,Karthik,Villupuram,9425839173,1234,False
TN100932,Rahul,Karur,9689140687,1234,False
TN100933,Divya,Theni,9293298096,1234,False
TN100934,Anand,Tirunelveli,9492798681,1234,False
TN100935,Kumar,Kallakurichi,9680623898,1234,False
TN100936,Nisha,Perambalur,9376532236,1234,False
TN100937,Karthik,Tenkasi,9954380569,1234,False
TN100938,Anand,Dindigul,9588141443,1234,False
TN100939,Rahul,Dindigul,9445311793,1234,False
TN100940,Surya,Chengalpattu,9993832746,1234,False
TN100941,Deepa,Kanniyakumari,9599249418,1234,False
TN100942,Anand,Villupuram,9326833071,1234,False
TN100943,Surya,Namakkal,9369134514,1234,False
TN100944,Priya,Dindigul,9766598952,1234,False
TN100945,Suresh,Tenkasi,9333096762,1234,False
TN100946,Nisha,Theni,9671583588,1234,False
TN100947,Rahul,Mayiladuthurai,9413986146,1234,False
TN100948,Anand,Vellore,9311850924,1234,False
TN100949,Harish,Cuddalore,9687554964,1234,False
TN100950,Karthik,Tirupattur,9952209276,1234,False
TN100951,Harish,Tiruvarur,9475574825,1234,False
TN100952,Harish,Theni,9232729247,1234,False
TN100953,Suresh,Chengalpattu,9547369262,1234,False
TN100954,Karthik,Ranipet,9462449584,1234,False
TN100955,Divya,Sivaganga,9674160260,1234,False
TN100956,Divya,Thanjavur,9187703346,1234,False
TN100957,Divya,Tiruvannamalai,9857664922,1234,False
TN100958,Arjun,Tenkasi,9403895756,1234,False
TN100959,Lakshmi,Karur,9592534564,1234,False
TN100960,Priya,Tirunelveli,9617561287,1234,False
TN100961,Suresh,Sivaganga,9526491120,1234,False
TN100962,Anitha,Tirunelveli,9692205758,1234,False
TN100963,Nisha,Trichy,9614875496,1234,False
TN100964,Vijay,Ariyalur,9276958472,1234,False
TN100965,Arjun,Salem,9704684040,1234,False
TN100966,Kumar,Nagapattinam,9708789698,1234,False
TN100967,Anand,Erode,9629085221,1234,False
TN100968,Divya,Tirunelveli,9213067429,1234,False
TN100969,Rahul,Ranipet,9158968080,1234,False
TN100970,Priya,Tirupattur,9197549645,1234,False
TN100971,Ajith,Dharmapuri,9293277107,1234,False
TN100972,Vijay,Sivaganga,9874945164,1234,False
TN100973,Lakshmi,Nilgiris,9499033072,1234,False
TN100974,Suresh,Ranipet,9882978672,1234,False
TN100975,Deepa,Mayiladuthurai,9330366620,1234,False
TN100976,Nisha,Tiruvannamalai,9234085928,1234,False
TN100977,Nisha,Krishnagiri,9764243544,1234,False
TN100978,Anand,Kanniyakumari,9813966413,1234,False
TN100979,Saravanan,Theni,9367107189,1234,False
TN100980,Arjun,Salem,9227529268,1234,False
TN100981,Arjun,Nilgiris,9756156625,1234,False
TN100982,Ramesh,Ramanathapuram,9576630088,1234,False
TN100983,Harish,Nagapattinam,9267424310,1234,False
TN100984,Ajith,Nagapattinam,9604695530,1234,False
TN100985,Deepa,Thoothukudi,9431174061,1234,False
TN100986,Surya,Vellore,9502692457,1234,False
TN100987,Deepa,Nagapattinam,9909328602,1234,False
TN100988,Harish,Ramanathapuram,9790727905,1234,False
TN100989,Rahul,Ramanathapuram,9758681132,1234,False
TN100990,Rahul,Sivaganga,9489937162,1234,False
TN100991,Meena,Mayiladuthurai,9812390487,1234,False
TN100992,Arjun,Tenkasi,9716734503,1234,False
TN100993,Rahul,Thanjavur,9776762134,1234,False
TN100994,Priya,Coimbatore,9164969618,1234,False
TN100995,Rahul,Ariyalur,9281297795,1234,False
TN100996,Lakshmi,Tiruvannamalai,9559424935,1234,False
TN100997,Saravanan,Chennai,9910678591,1234,False
TN100998,Ravi,Kallakurichi,9545463697,1234,False
TN100999,Lakshmi,Tiruvallur,9157930116,1234,False
TN876232,baby,Coimbatore,8148880824,babyuma,False
TN123456,uma,Ariyalur,8148880824,uma123,True
